INSERT INTO User_statuses (status_name) VALUES
	('Ищет работу'),
	('Не ищет работу'),
	('Работодатель');

INSERT INTO Roles (role_name) VALUES
	('Соискатель'),
	('Работодатель'),
	('Администратор');

INSERT INTO Educational_institutions (education_level) VALUES
	('Среднее общее образование'),
	('Среднее профессиональное образование'),
	('Бакалавриат'),
	('Специалитет'),
	('Магистратура'),
	('Аспирантура'),
	('Докторантура'),
	('Повышение квалификации'),
	('Переподготовка'),
	('Колледж');

INSERT INTO Site_user (login, password, role, Status, full_name_company, email, home_address, education) VALUES
    ('techprogress', 'pass1', 2, 3, 'ООО "ТехПрогресс"', 'techprogress@gmail.com', 'Москва, ул. Ленина, д. 10', NULL),
    ('stroygarant', 'pass2', 2, 3, 'АО "СтройГарант"', 'stroygarant@yandex.ru', 'Санкт-Петербург, ул. Невский, д. 25', NULL),
    ('logisticplus', 'pass3', 2, 3, 'ЗАО "ЛогистикПлюс"', 'logisticplus@mail.ru', 'Екатеринбург, ул. Мира, д. 5', NULL),
    ('finexpert', 'pass4', 2, 3, 'ООО "ФинансЭксперт"', 'finexpert@outlook.com', 'Казань, ул. Баумана, д. 15', NULL),
    ('vasiliev', 'pass5', 1, 1, 'Васильев Иван Петрович', 'vasiliev@mail.ru', 'Москва, ул. Пушкина, д. 8', 3),
    ('alexeeva', 'pass6', 1, 1, 'Алексеева Мария Сергеевна', 'alexeeva@icloud.com', 'Санкт-Петербург, ул. Достоевского, д. 12', 4),
    ('pavlov', 'pass7', 1, 1, 'Павлов Дмитрий Алексеевич', 'pavlov@gmail.com', 'Новосибирск, ул. Советская, д. 7', 2),
    ('nikiforov', 'pass8', 1, 1, 'Никифоров Алексей Викторович', 'nikiforov@ya.ru', 'Ростов-на-Дону, ул. Садовая, д. 14', 5),
    ('kuznetsova', 'pass9', 1, 1, 'Кузнецова Елена Андреевна', 'kuznetsova@mail.ru', 'Воронеж, ул. Ломоносова, д. 3', 3),
    ('admin', 'adminpass', 3, 2, 'Администратор Системы', 'admin@admin.com', 'Москва, ул. Кремль, д. 1', NULL);

INSERT INTO Vacancy (vacancy_name, company_id, description, min_salary, education, number_of_views) VALUES
	('Программист', 1, 'Разработка ПО', 120000.00, 3, 100),
	('Инженер-строитель', 2, 'Проектирование и строительство', 90000.00, 4, 80),
	('Логист', 3, 'Организация перевозок', 75000.00, 2, 90),
	('Бухгалтер', 4, 'Ведение финансовой отчетности', 85000.00, 5, 70),
	('Маркетолог', 1, 'Рекламные кампании', 80000.00, 3, 85),
	('Сетевой инженер', 2, 'Обслуживание сетей', 95000.00, 4, 110),
	('Экономист', 3, 'Анализ финансов', 70000.00, 3, 75),
	('Менеджер по продажам', 4, 'Продажи услуг', 65000.00, 2, 95),
	('Системный администратор', 1, 'Администрирование серверов', 110000.00, 4, 60),
	('Руководитель проекта', 2, 'Координация работ', 130000.00, 5, 120);

INSERT INTO Resume (user_id, min_salary_req, number_of_views, vacancy_name) VALUES
	(5, 60000.00, 50, 'Программист'),
	(6, 55000.00, 40, 'Инженер-строитель'),
	(7, 50000.00, 60, 'Логист'),
	(8, 48000.00, 30, 'Бухгалтер'),
	(9, 53000.00, 70, 'Маркетолог'),
	(5, 62000.00, 80, 'Сетевой инженер'),
	(6, 58000.00, 55, 'Экономист'),
	(7, 47000.00, 45, 'Менеджер по продажам'),
	(8, 45000.00, 35, 'Системный администратор'),
	(9, 70000.00, 90, 'Руководитель проекта');

INSERT INTO Work_history (vacancy_name, applicant_id, company_id, salary, date_start, date_end) VALUES
	('Программист', 5, 1, 110000, '2022-01-10', '2023-01-10'),
	('Инженер-строитель', 6, 2, 85000, '2021-05-15', '2022-05-15'),
	('Логист', 7, 3, 75000, '2020-09-01', NULL),
	('Бухгалтер', 8, 4, 78000, '2019-03-20', '2021-06-30'),
	('Маркетолог', 9, 1, 80000, '2022-11-10', NULL),
	('Сетевой инженер', 5, 2, 95000, '2018-07-05', '2020-07-05'),
	('Экономист', 6, 3, 68000, '2017-02-25', '2019-02-25'),
	('Менеджер по продажам', 7, 4, 62000, '2021-06-12', NULL),
	('Системный администратор', 8, 1, 108000, '2020-12-01', '2022-12-01'),
	('Руководитель проекта', 9, 2, 125000, '2019-08-15', NULL);

INSERT INTO Selected_resumes (resume_id, company_id) VALUES
	(1, 1),
	(2, 2),
	(3, 3),
	(4, 4),
	(5, 1),
	(6, 2),
	(7, 3),
	(8, 4),
	(9, 1),
	(10, 2);

INSERT INTO Selected_vacancies (vacancy_id, applicant_id) VALUES
	(1, 5),
	(2, 6),
	(3, 7),
	(4, 8),
	(5, 9),
	(6, 5),
	(7, 6),
	(8, 7),
	(9, 8),
	(10, 9);